"Averaged_Test_Statistic","Rejection_Rate","p_value"
21.5588906185069,1,0
21.4521883774673,1,0
21.742672959011,1,0
0.0562455962789491,0,0.955146158051587
