"Averaged_Test_Statistic","Rejection_Rate","p_value"
21.676956614904,1,0
21.5065066786131,1,0
0.153448007585604,0,0.878044988556011
0.0178117074825609,0,0.985789065021686
